user_id,name,email,signup_date,city
1,User1,user1@example.com,17-10-2023,Hyderabad
2,User2,user2@example.com,25-04-2022,Chennai
3,User3,user3@example.com,26-01-2022,Bangalore
4,User4,user4@example.com,09-10-2022,Chennai
5,User5,user5@example.com,08-09-2022,Chennai
6,User6,user6@example.com,17-08-2022,Mumbai
7,User7,user7@example.com,23-05-2022,Bangalore
8,User8,user8@example.com,15-04-2022,Bangalore
9,User9,user9@example.com,24-11-2023,Bangalore
10,User10,user10@example.com,13-07-2023,Chennai
11,User11,user11@example.com,31-03-2022,Hyderabad
12,User12,user12@example.com,28-08-2023,Bangalore
13,User13,user13@example.com,09-03-2023,Kolkata
14,User14,user14@example.com,02-02-2022,Chennai
15,User15,user15@example.com,31-01-2022,Mumbai
16,User16,user16@example.com,06-04-2022,Hyderabad
17,User17,user17@example.com,12-08-2022,Kolkata
18,User18,user18@example.com,27-08-2022,Kolkata
19,User19,user19@example.com,02-06-2023,Mumbai
20,User20,user20@example.com,09-09-2023,Hyderabad
21,User21,user21@example.com,28-01-2022,Chennai
22,User22,user22@example.com,29-07-2023,Delhi
23,User23,user23@example.com,23-07-2022,Hyderabad
24,User24,user24@example.com,28-10-2023,Mumbai
25,User25,user25@example.com,20-12-2023,Kolkata
26,User26,user26@example.com,13-07-2023,Chennai
27,User27,user27@example.com,06-03-2023,Hyderabad
28,User28,user28@example.com,14-08-2022,Delhi
29,User29,user29@example.com,05-04-2023,Delhi
30,User30,user30@example.com,27-08-2023,Bangalore
31,User31,user31@example.com,12-10-2022,Bangalore
32,User32,user32@example.com,07-01-2022,Mumbai
33,User33,user33@example.com,13-06-2022,Hyderabad
34,User34,user34@example.com,16-12-2023,Hyderabad
35,User35,user35@example.com,09-03-2023,Kolkata
36,User36,user36@example.com,15-12-2022,Kolkata
37,User37,user37@example.com,12-10-2022,Kolkata
38,User38,user38@example.com,09-06-2022,Bangalore
39,User39,user39@example.com,09-08-2022,Hyderabad
40,User40,user40@example.com,11-12-2022,Hyderabad
41,User41,user41@example.com,15-04-2022,Delhi
42,User42,user42@example.com,05-04-2022,Bangalore
43,User43,user43@example.com,25-01-2023,Chennai
44,User44,user44@example.com,10-04-2022,Bangalore
45,User45,user45@example.com,03-01-2023,Chennai
46,User46,user46@example.com,19-12-2022,Delhi
47,User47,user47@example.com,11-09-2023,Mumbai
48,User48,user48@example.com,28-09-2022,Hyderabad
49,User49,user49@example.com,14-02-2022,Delhi
50,User50,user50@example.com,16-04-2023,Hyderabad
51,User51,user51@example.com,04-07-2023,Kolkata
52,User52,user52@example.com,08-05-2022,Mumbai
53,User53,user53@example.com,23-01-2023,Mumbai
54,User54,user54@example.com,22-03-2022,Delhi
55,User55,user55@example.com,20-07-2023,Mumbai
56,User56,user56@example.com,28-10-2022,Chennai
57,User57,user57@example.com,06-10-2023,Mumbai
58,User58,user58@example.com,26-09-2023,Hyderabad
59,User59,user59@example.com,06-01-2023,Hyderabad
60,User60,user60@example.com,15-08-2023,Hyderabad
61,User61,user61@example.com,16-07-2022,Hyderabad
62,User62,user62@example.com,23-12-2023,Chennai
63,User63,user63@example.com,13-03-2022,Bangalore
64,User64,user64@example.com,16-02-2022,Kolkata
65,User65,user65@example.com,09-11-2023,Delhi
66,User66,user66@example.com,22-08-2022,Hyderabad
67,User67,user67@example.com,24-10-2022,Mumbai
68,User68,user68@example.com,23-03-2022,Hyderabad
69,User69,user69@example.com,27-08-2022,Mumbai
70,User70,user70@example.com,14-04-2022,Kolkata
71,User71,user71@example.com,25-01-2023,Kolkata
72,User72,user72@example.com,12-10-2022,Kolkata
73,User73,user73@example.com,10-04-2023,Mumbai
74,User74,user74@example.com,13-10-2023,Hyderabad
75,User75,user75@example.com,09-01-2023,Kolkata
76,User76,user76@example.com,16-06-2022,Chennai
77,User77,user77@example.com,15-01-2023,Mumbai
78,User78,user78@example.com,30-12-2022,Mumbai
79,User79,user79@example.com,03-08-2022,Hyderabad
80,User80,user80@example.com,18-11-2023,Mumbai
81,User81,user81@example.com,01-10-2022,Mumbai
82,User82,user82@example.com,20-12-2023,Kolkata
83,User83,user83@example.com,01-12-2023,Hyderabad
84,User84,user84@example.com,26-10-2023,Kolkata
85,User85,user85@example.com,15-03-2022,Kolkata
86,User86,user86@example.com,16-09-2023,Hyderabad
87,User87,user87@example.com,13-10-2023,Delhi
88,User88,user88@example.com,25-06-2022,Kolkata
89,User89,user89@example.com,01-07-2023,Chennai
90,User90,user90@example.com,08-09-2022,Chennai
91,User91,user91@example.com,17-06-2022,Mumbai
92,User92,user92@example.com,19-04-2023,Chennai
93,User93,user93@example.com,24-01-2023,Mumbai
94,User94,user94@example.com,04-10-2022,Delhi
95,User95,user95@example.com,18-10-2023,Hyderabad
96,User96,user96@example.com,06-12-2023,Hyderabad
97,User97,user97@example.com,25-07-2023,Hyderabad
98,User98,user98@example.com,13-08-2022,Chennai
99,User99,user99@example.com,03-12-2023,Delhi
100,User100,user100@example.com,29-11-2022,Chennai
101,User101,user101@example.com,27-02-2022,Chennai
102,User102,user102@example.com,23-08-2022,Delhi
103,User103,user103@example.com,02-02-2022,Delhi
104,User104,user104@example.com,20-11-2022,Delhi
105,User105,user105@example.com,15-02-2023,Delhi
106,User106,user106@example.com,02-10-2022,Hyderabad
107,User107,user107@example.com,09-03-2022,Bangalore
108,User108,user108@example.com,05-08-2022,Bangalore
109,User109,user109@example.com,04-08-2023,Delhi
110,User110,user110@example.com,19-11-2022,Bangalore
111,User111,user111@example.com,06-08-2022,Bangalore
112,User112,user112@example.com,03-11-2023,Delhi
113,User113,user113@example.com,27-05-2023,Bangalore
114,User114,user114@example.com,10-02-2023,Chennai
115,User115,user115@example.com,21-10-2023,Mumbai
116,User116,user116@example.com,15-04-2023,Mumbai
117,User117,user117@example.com,27-05-2022,Delhi
118,User118,user118@example.com,29-09-2022,Hyderabad
119,User119,user119@example.com,23-05-2022,Delhi
120,User120,user120@example.com,10-09-2022,Hyderabad
121,User121,user121@example.com,29-07-2023,Mumbai
122,User122,user122@example.com,06-07-2023,Delhi
123,User123,user123@example.com,27-09-2022,Kolkata
124,User124,user124@example.com,22-08-2023,Chennai
125,User125,user125@example.com,15-03-2023,Bangalore
126,User126,user126@example.com,21-08-2023,Hyderabad
127,User127,user127@example.com,13-02-2023,Kolkata
128,User128,user128@example.com,06-01-2023,Bangalore
129,User129,user129@example.com,13-08-2022,Bangalore
130,User130,user130@example.com,22-05-2022,Delhi
131,User131,user131@example.com,06-06-2023,Bangalore
132,User132,user132@example.com,21-05-2023,Chennai
133,User133,user133@example.com,04-04-2022,Kolkata
134,User134,user134@example.com,18-02-2022,Bangalore
135,User135,user135@example.com,23-04-2022,Delhi
136,User136,user136@example.com,06-06-2022,Chennai
137,User137,user137@example.com,05-10-2023,Mumbai
138,User138,user138@example.com,13-06-2022,Kolkata
139,User139,user139@example.com,28-11-2023,Bangalore
140,User140,user140@example.com,09-03-2023,Delhi
141,User141,user141@example.com,03-09-2023,Mumbai
142,User142,user142@example.com,07-03-2022,Mumbai
143,User143,user143@example.com,30-01-2023,Hyderabad
144,User144,user144@example.com,26-01-2023,Chennai
145,User145,user145@example.com,03-09-2023,Bangalore
146,User146,user146@example.com,25-04-2023,Delhi
147,User147,user147@example.com,26-06-2023,Hyderabad
148,User148,user148@example.com,15-09-2022,Chennai
149,User149,user149@example.com,21-07-2023,Hyderabad
150,User150,user150@example.com,12-01-2022,Kolkata
151,User151,user151@example.com,28-11-2023,Chennai
152,User152,user152@example.com,28-04-2022,Chennai
153,User153,user153@example.com,30-11-2023,Bangalore
154,User154,user154@example.com,04-07-2023,Chennai
155,User155,user155@example.com,01-10-2022,Hyderabad
156,User156,user156@example.com,19-10-2023,Chennai
157,User157,user157@example.com,15-12-2022,Bangalore
158,User158,user158@example.com,25-04-2022,Bangalore
159,User159,user159@example.com,28-10-2022,Kolkata
160,User160,user160@example.com,22-03-2023,Hyderabad
161,User161,user161@example.com,11-06-2022,Mumbai
162,User162,user162@example.com,10-04-2023,Mumbai
163,User163,user163@example.com,04-01-2022,Chennai
164,User164,user164@example.com,27-09-2022,Kolkata
165,User165,user165@example.com,28-05-2023,Delhi
166,User166,user166@example.com,02-07-2022,Chennai
167,User167,user167@example.com,04-06-2023,Kolkata
168,User168,user168@example.com,19-04-2022,Hyderabad
169,User169,user169@example.com,03-10-2023,Hyderabad
170,User170,user170@example.com,02-11-2022,Hyderabad
171,User171,user171@example.com,17-10-2023,Hyderabad
172,User172,user172@example.com,04-06-2023,Hyderabad
173,User173,user173@example.com,16-09-2023,Kolkata
174,User174,user174@example.com,23-07-2022,Kolkata
175,User175,user175@example.com,06-06-2022,Bangalore
176,User176,user176@example.com,18-01-2023,Mumbai
177,User177,user177@example.com,15-06-2022,Hyderabad
178,User178,user178@example.com,07-07-2023,Delhi
179,User179,user179@example.com,28-06-2023,Kolkata
180,User180,user180@example.com,01-01-2022,Delhi
181,User181,user181@example.com,06-09-2023,Delhi
182,User182,user182@example.com,28-11-2022,Delhi
183,User183,user183@example.com,16-05-2023,Bangalore
184,User184,user184@example.com,20-01-2022,Kolkata
185,User185,user185@example.com,25-04-2022,Delhi
186,User186,user186@example.com,07-01-2023,Hyderabad
187,User187,user187@example.com,11-11-2022,Chennai
188,User188,user188@example.com,03-09-2022,Delhi
189,User189,user189@example.com,01-03-2022,Bangalore
190,User190,user190@example.com,04-09-2022,Kolkata
191,User191,user191@example.com,04-08-2023,Bangalore
192,User192,user192@example.com,22-03-2022,Delhi
193,User193,user193@example.com,29-03-2022,Kolkata
194,User194,user194@example.com,13-05-2023,Chennai
195,User195,user195@example.com,12-03-2022,Delhi
196,User196,user196@example.com,30-06-2023,Bangalore
197,User197,user197@example.com,09-05-2022,Mumbai
198,User198,user198@example.com,12-05-2022,Hyderabad
199,User199,user199@example.com,07-11-2023,Bangalore
200,User200,user200@example.com,02-05-2023,Kolkata
201,User201,user201@example.com,17-07-2023,Delhi
202,User202,user202@example.com,19-06-2022,Hyderabad
203,User203,user203@example.com,29-09-2022,Delhi
204,User204,user204@example.com,25-06-2023,Kolkata
205,User205,user205@example.com,14-09-2023,Delhi
206,User206,user206@example.com,10-03-2023,Mumbai
207,User207,user207@example.com,05-08-2022,Hyderabad
208,User208,user208@example.com,07-07-2023,Hyderabad
209,User209,user209@example.com,08-12-2023,Kolkata
210,User210,user210@example.com,25-07-2022,Mumbai
211,User211,user211@example.com,16-11-2022,Bangalore
212,User212,user212@example.com,13-02-2023,Delhi
213,User213,user213@example.com,19-11-2023,Chennai
214,User214,user214@example.com,28-10-2023,Delhi
215,User215,user215@example.com,18-01-2023,Delhi
216,User216,user216@example.com,25-03-2023,Bangalore
217,User217,user217@example.com,14-06-2023,Delhi
218,User218,user218@example.com,08-04-2023,Mumbai
219,User219,user219@example.com,04-05-2022,Mumbai
220,User220,user220@example.com,11-09-2022,Hyderabad
221,User221,user221@example.com,19-08-2022,Kolkata
222,User222,user222@example.com,07-03-2022,Chennai
223,User223,user223@example.com,13-12-2022,Delhi
224,User224,user224@example.com,22-01-2022,Delhi
225,User225,user225@example.com,26-08-2023,Bangalore
226,User226,user226@example.com,22-07-2023,Kolkata
227,User227,user227@example.com,24-08-2022,Mumbai
228,User228,user228@example.com,26-08-2023,Chennai
229,User229,user229@example.com,14-08-2022,Hyderabad
230,User230,user230@example.com,08-01-2022,Mumbai
231,User231,user231@example.com,14-03-2022,Kolkata
232,User232,user232@example.com,26-12-2023,Hyderabad
233,User233,user233@example.com,09-10-2023,Bangalore
234,User234,user234@example.com,02-03-2022,Bangalore
235,User235,user235@example.com,23-08-2022,Delhi
236,User236,user236@example.com,11-03-2022,Kolkata
237,User237,user237@example.com,02-02-2022,Chennai
238,User238,user238@example.com,05-12-2022,Hyderabad
239,User239,user239@example.com,14-03-2022,Mumbai
240,User240,user240@example.com,11-06-2023,Kolkata
241,User241,user241@example.com,01-09-2022,Kolkata
242,User242,user242@example.com,13-10-2022,Bangalore
243,User243,user243@example.com,17-11-2023,Delhi
244,User244,user244@example.com,13-05-2023,Delhi
245,User245,user245@example.com,08-08-2022,Hyderabad
246,User246,user246@example.com,07-07-2023,Bangalore
247,User247,user247@example.com,16-05-2022,Kolkata
248,User248,user248@example.com,08-08-2023,Chennai
249,User249,user249@example.com,14-08-2023,Bangalore
250,User250,user250@example.com,30-04-2023,Hyderabad
251,User251,user251@example.com,06-09-2022,Hyderabad
252,User252,user252@example.com,30-04-2023,Bangalore
253,User253,user253@example.com,21-02-2023,Hyderabad
254,User254,user254@example.com,14-07-2022,Bangalore
255,User255,user255@example.com,07-04-2022,Mumbai
256,User256,user256@example.com,10-04-2022,Bangalore
257,User257,user257@example.com,06-11-2023,Bangalore
258,User258,user258@example.com,18-03-2023,Hyderabad
259,User259,user259@example.com,29-12-2022,Hyderabad
260,User260,user260@example.com,10-03-2023,Delhi
261,User261,user261@example.com,25-02-2023,Delhi
262,User262,user262@example.com,24-04-2023,Mumbai
263,User263,user263@example.com,25-02-2022,Delhi
264,User264,user264@example.com,21-11-2023,Bangalore
265,User265,user265@example.com,01-11-2023,Hyderabad
266,User266,user266@example.com,24-10-2023,Delhi
267,User267,user267@example.com,11-04-2022,Delhi
268,User268,user268@example.com,04-03-2022,Mumbai
269,User269,user269@example.com,17-02-2023,Kolkata
270,User270,user270@example.com,14-12-2022,Mumbai
271,User271,user271@example.com,22-04-2022,Bangalore
272,User272,user272@example.com,12-09-2022,Hyderabad
273,User273,user273@example.com,16-07-2022,Mumbai
274,User274,user274@example.com,14-07-2022,Delhi
275,User275,user275@example.com,04-07-2023,Hyderabad
276,User276,user276@example.com,05-04-2023,Hyderabad
277,User277,user277@example.com,24-05-2022,Delhi
278,User278,user278@example.com,09-03-2023,Mumbai
279,User279,user279@example.com,07-07-2022,Delhi
280,User280,user280@example.com,13-10-2022,Kolkata
281,User281,user281@example.com,19-04-2023,Hyderabad
282,User282,user282@example.com,13-09-2022,Chennai
283,User283,user283@example.com,19-03-2022,Chennai
284,User284,user284@example.com,30-03-2023,Bangalore
285,User285,user285@example.com,18-07-2023,Delhi
286,User286,user286@example.com,11-04-2022,Delhi
287,User287,user287@example.com,21-02-2022,Bangalore
288,User288,user288@example.com,30-10-2023,Bangalore
289,User289,user289@example.com,08-07-2023,Bangalore
290,User290,user290@example.com,16-01-2022,Hyderabad
291,User291,user291@example.com,06-04-2022,Kolkata
292,User292,user292@example.com,31-08-2022,Delhi
293,User293,user293@example.com,20-06-2022,Hyderabad
294,User294,user294@example.com,21-02-2023,Bangalore
295,User295,user295@example.com,13-05-2023,Delhi
296,User296,user296@example.com,08-05-2023,Hyderabad
297,User297,user297@example.com,07-08-2022,Kolkata
298,User298,user298@example.com,15-02-2023,Hyderabad
299,User299,user299@example.com,02-03-2022,Kolkata
300,User300,user300@example.com,18-06-2022,Bangalore
301,User301,user301@example.com,24-01-2023,Kolkata
302,User302,user302@example.com,03-01-2022,Delhi
303,User303,user303@example.com,04-02-2023,Bangalore
304,User304,user304@example.com,29-09-2022,Delhi
305,User305,user305@example.com,11-04-2023,Chennai
306,User306,user306@example.com,20-10-2022,Mumbai
307,User307,user307@example.com,10-03-2023,Kolkata
308,User308,user308@example.com,15-12-2023,Mumbai
309,User309,user309@example.com,24-07-2023,Mumbai
310,User310,user310@example.com,09-11-2023,Kolkata
311,User311,user311@example.com,14-05-2023,Bangalore
312,User312,user312@example.com,08-06-2022,Chennai
313,User313,user313@example.com,14-07-2022,Delhi
314,User314,user314@example.com,31-10-2022,Hyderabad
315,User315,user315@example.com,11-08-2022,Delhi
316,User316,user316@example.com,01-03-2022,Hyderabad
317,User317,user317@example.com,17-08-2023,Delhi
318,User318,user318@example.com,10-07-2023,Kolkata
319,User319,user319@example.com,04-03-2022,Chennai
320,User320,user320@example.com,18-11-2022,Hyderabad
321,User321,user321@example.com,28-02-2022,Bangalore
322,User322,user322@example.com,21-02-2022,Delhi
323,User323,user323@example.com,22-08-2023,Delhi
324,User324,user324@example.com,04-05-2023,Hyderabad
325,User325,user325@example.com,30-05-2023,Bangalore
326,User326,user326@example.com,28-06-2023,Bangalore
327,User327,user327@example.com,11-06-2022,Kolkata
328,User328,user328@example.com,28-02-2022,Kolkata
329,User329,user329@example.com,05-06-2023,Kolkata
330,User330,user330@example.com,24-03-2022,Kolkata
331,User331,user331@example.com,10-07-2022,Kolkata
332,User332,user332@example.com,12-03-2022,Kolkata
333,User333,user333@example.com,02-09-2023,Chennai
334,User334,user334@example.com,11-03-2022,Bangalore
335,User335,user335@example.com,23-11-2023,Kolkata
336,User336,user336@example.com,29-08-2022,Bangalore
337,User337,user337@example.com,18-02-2023,Bangalore
338,User338,user338@example.com,03-05-2022,Mumbai
339,User339,user339@example.com,07-08-2023,Chennai
340,User340,user340@example.com,10-09-2022,Kolkata
341,User341,user341@example.com,16-08-2023,Delhi
342,User342,user342@example.com,01-09-2023,Hyderabad
343,User343,user343@example.com,10-02-2022,Delhi
344,User344,user344@example.com,27-09-2023,Chennai
345,User345,user345@example.com,25-03-2022,Hyderabad
346,User346,user346@example.com,06-03-2023,Chennai
347,User347,user347@example.com,05-11-2023,Bangalore
348,User348,user348@example.com,21-08-2023,Hyderabad
349,User349,user349@example.com,02-08-2023,Bangalore
350,User350,user350@example.com,20-06-2023,Delhi
351,User351,user351@example.com,20-11-2022,Delhi
352,User352,user352@example.com,25-09-2022,Hyderabad
353,User353,user353@example.com,29-07-2022,Hyderabad
354,User354,user354@example.com,17-11-2023,Kolkata
355,User355,user355@example.com,18-11-2022,Chennai
356,User356,user356@example.com,02-09-2022,Kolkata
357,User357,user357@example.com,29-09-2022,Chennai
358,User358,user358@example.com,10-02-2023,Kolkata
359,User359,user359@example.com,15-05-2022,Bangalore
360,User360,user360@example.com,19-11-2023,Hyderabad
361,User361,user361@example.com,23-10-2023,Delhi
362,User362,user362@example.com,04-11-2022,Chennai
363,User363,user363@example.com,14-04-2023,Chennai
364,User364,user364@example.com,20-11-2022,Delhi
365,User365,user365@example.com,16-03-2022,Kolkata
366,User366,user366@example.com,10-01-2022,Chennai
367,User367,user367@example.com,15-04-2023,Bangalore
368,User368,user368@example.com,29-09-2023,Hyderabad
369,User369,user369@example.com,31-07-2023,Delhi
370,User370,user370@example.com,13-04-2022,Hyderabad
371,User371,user371@example.com,17-03-2022,Chennai
372,User372,user372@example.com,05-07-2023,Chennai
373,User373,user373@example.com,07-08-2022,Delhi
374,User374,user374@example.com,03-06-2023,Bangalore
375,User375,user375@example.com,29-09-2022,Mumbai
376,User376,user376@example.com,16-05-2022,Delhi
377,User377,user377@example.com,24-12-2022,Mumbai
378,User378,user378@example.com,12-03-2022,Kolkata
379,User379,user379@example.com,08-09-2022,Mumbai
380,User380,user380@example.com,14-01-2023,Bangalore
381,User381,user381@example.com,19-10-2022,Kolkata
382,User382,user382@example.com,11-06-2022,Mumbai
383,User383,user383@example.com,25-03-2023,Kolkata
384,User384,user384@example.com,11-07-2023,Mumbai
385,User385,user385@example.com,22-12-2023,Bangalore
386,User386,user386@example.com,06-11-2022,Mumbai
387,User387,user387@example.com,19-09-2023,Mumbai
388,User388,user388@example.com,01-11-2023,Mumbai
389,User389,user389@example.com,26-06-2023,Delhi
390,User390,user390@example.com,09-01-2022,Delhi
391,User391,user391@example.com,15-11-2023,Delhi
392,User392,user392@example.com,22-07-2023,Bangalore
393,User393,user393@example.com,03-11-2022,Kolkata
394,User394,user394@example.com,11-11-2023,Chennai
395,User395,user395@example.com,17-04-2022,Mumbai
396,User396,user396@example.com,18-05-2022,Mumbai
397,User397,user397@example.com,28-09-2022,Bangalore
398,User398,user398@example.com,29-04-2022,Mumbai
399,User399,user399@example.com,20-04-2022,Delhi
400,User400,user400@example.com,21-07-2023,Chennai
401,User401,user401@example.com,09-06-2022,Hyderabad
402,User402,user402@example.com,06-10-2022,Mumbai
403,User403,user403@example.com,16-10-2022,Delhi
404,User404,user404@example.com,12-09-2023,Hyderabad
405,User405,user405@example.com,04-08-2022,Chennai
406,User406,user406@example.com,18-12-2022,Hyderabad
407,User407,user407@example.com,28-07-2022,Delhi
408,User408,user408@example.com,05-12-2023,Kolkata
409,User409,user409@example.com,12-10-2023,Kolkata
410,User410,user410@example.com,28-09-2022,Hyderabad
411,User411,user411@example.com,02-06-2023,Bangalore
412,User412,user412@example.com,16-05-2023,Hyderabad
413,User413,user413@example.com,15-09-2022,Mumbai
414,User414,user414@example.com,22-02-2022,Mumbai
415,User415,user415@example.com,05-04-2022,Kolkata
416,User416,user416@example.com,12-10-2023,Bangalore
417,User417,user417@example.com,10-03-2023,Delhi
418,User418,user418@example.com,11-10-2022,Mumbai
419,User419,user419@example.com,15-02-2022,Kolkata
420,User420,user420@example.com,04-01-2022,Chennai
421,User421,user421@example.com,08-12-2022,Kolkata
422,User422,user422@example.com,14-05-2022,Mumbai
423,User423,user423@example.com,15-10-2023,Mumbai
424,User424,user424@example.com,26-09-2022,Kolkata
425,User425,user425@example.com,15-06-2022,Delhi
426,User426,user426@example.com,29-03-2023,Hyderabad
427,User427,user427@example.com,19-07-2023,Mumbai
428,User428,user428@example.com,24-12-2023,Kolkata
429,User429,user429@example.com,14-03-2023,Kolkata
430,User430,user430@example.com,29-07-2023,Bangalore
431,User431,user431@example.com,10-01-2022,Hyderabad
432,User432,user432@example.com,25-04-2022,Chennai
433,User433,user433@example.com,19-03-2022,Delhi
434,User434,user434@example.com,09-12-2023,Chennai
435,User435,user435@example.com,02-06-2022,Hyderabad
436,User436,user436@example.com,13-07-2023,Hyderabad
437,User437,user437@example.com,06-02-2022,Hyderabad
438,User438,user438@example.com,14-01-2023,Chennai
439,User439,user439@example.com,20-08-2023,Hyderabad
440,User440,user440@example.com,20-07-2023,Kolkata
441,User441,user441@example.com,01-06-2022,Chennai
442,User442,user442@example.com,17-03-2023,Hyderabad
443,User443,user443@example.com,11-05-2022,Kolkata
444,User444,user444@example.com,12-02-2022,Bangalore
445,User445,user445@example.com,12-11-2022,Hyderabad
446,User446,user446@example.com,09-01-2023,Chennai
447,User447,user447@example.com,10-02-2022,Mumbai
448,User448,user448@example.com,02-01-2023,Hyderabad
449,User449,user449@example.com,04-08-2022,Mumbai
450,User450,user450@example.com,30-11-2023,Kolkata
451,User451,user451@example.com,13-09-2022,Bangalore
452,User452,user452@example.com,14-11-2023,Delhi
453,User453,user453@example.com,16-04-2022,Bangalore
454,User454,user454@example.com,29-12-2022,Hyderabad
455,User455,user455@example.com,28-07-2023,Mumbai
456,User456,user456@example.com,21-02-2023,Mumbai
457,User457,user457@example.com,28-09-2023,Chennai
458,User458,user458@example.com,08-06-2022,Mumbai
459,User459,user459@example.com,31-08-2022,Chennai
460,User460,user460@example.com,16-06-2022,Kolkata
461,User461,user461@example.com,01-07-2022,Delhi
462,User462,user462@example.com,27-02-2023,Hyderabad
463,User463,user463@example.com,26-01-2022,Chennai
464,User464,user464@example.com,03-07-2022,Delhi
465,User465,user465@example.com,07-12-2022,Mumbai
466,User466,user466@example.com,26-02-2023,Mumbai
467,User467,user467@example.com,17-11-2023,Delhi
468,User468,user468@example.com,12-09-2022,Mumbai
469,User469,user469@example.com,01-10-2022,Kolkata
470,User470,user470@example.com,13-06-2022,Kolkata
471,User471,user471@example.com,20-12-2023,Delhi
472,User472,user472@example.com,21-04-2022,Chennai
473,User473,user473@example.com,27-01-2023,Chennai
474,User474,user474@example.com,09-02-2022,Delhi
475,User475,user475@example.com,27-04-2023,Chennai
476,User476,user476@example.com,16-08-2022,Chennai
477,User477,user477@example.com,24-07-2022,Kolkata
478,User478,user478@example.com,17-04-2023,Chennai
479,User479,user479@example.com,25-12-2022,Bangalore
480,User480,user480@example.com,09-11-2022,Hyderabad
481,User481,user481@example.com,22-08-2022,Mumbai
482,User482,user482@example.com,17-08-2022,Bangalore
483,User483,user483@example.com,25-01-2022,Chennai
484,User484,user484@example.com,07-11-2023,Kolkata
485,User485,user485@example.com,17-07-2022,Delhi
486,User486,user486@example.com,13-02-2023,Chennai
487,User487,user487@example.com,03-12-2022,Kolkata
488,User488,user488@example.com,13-10-2022,Hyderabad
489,User489,user489@example.com,13-03-2022,Chennai
490,User490,user490@example.com,13-10-2022,Delhi
491,User491,user491@example.com,26-12-2022,Kolkata
492,User492,user492@example.com,19-10-2023,Kolkata
493,User493,user493@example.com,06-06-2023,Kolkata
494,User494,user494@example.com,14-02-2023,Hyderabad
495,User495,user495@example.com,27-11-2023,Chennai
496,User496,user496@example.com,04-07-2023,Hyderabad
497,User497,user497@example.com,06-12-2022,Mumbai
498,User498,user498@example.com,29-01-2022,Mumbai
499,User499,user499@example.com,29-04-2022,Chennai
500,User500,user500@example.com,25-09-2022,Hyderabad
